,1,2,3,4,5,6,7,8,9,10,11,12,13,14,15,16,17,18,19,20,21,22,23,24
a,,,,,,,,,,,,,,,,,,,,,,,,
b,,WM45.1,WM45.1,WM45.1,WM45.1,WM45.1,WM45.1,WM45.1,WM45.1,WM45.1,WM45.1,WM45.1,WM45.1,WM45.1,WM45.1,WM45.1,WM45.1,WM45.1,WM45.1,WM45.1,WM45.1,WM45.1,WM45.1,
c,,WM45.1,WM45.1,WM45.1,WM45.1,WM45.1,WM45.1,WM45.1,WM45.1,WM45.1,WM45.1,WM45.1,WM45.1,WM45.1,WM45.1,WM45.1,WM45.1,WM45.1,WM45.1,WM45.1,WM45.1,WM45.1,WM45.1,
d,,WM45.1,WM45.1,WM45.1,WM45.1,WM45.1,WM45.1,WM45.1,WM45.1,WM45.1,WM45.1,WM45.1,WM45.1,WM45.1,WM45.1,WM45.1,WM45.1,WM45.1,WM45.1,WM45.1,WM45.1,WM45.1,WM45.1,
e,,WM45.1,WM45.1,WM45.1,WM45.1,WM45.1,WM45.1,WM45.1,WM45.1,WM45.1,WM45.1,WM45.1,WM45.1,WM45.1,WM45.1,WM45.1,WM45.1,WM45.1,WM45.1,WM45.1,WM45.1,WM45.1,WM45.1,
f,,WM45.1,WM45.1,WM45.1,WM45.1,WM45.1,WM45.1,WM45.1,WM45.1,WM45.1,WM45.1,WM45.1,WM45.1,WM45.1,WM45.1,WM45.1,WM45.1,WM45.1,WM45.1,WM45.1,WM45.1,WM45.1,WM45.1,
g,,WM45.1,WM45.1,WM45.1,WM45.1,WM45.1,WM45.1,WM45.1,WM45.1,WM45.1,WM45.1,WM45.1,WM45.1,WM45.1,WM45.1,WM45.1,WM45.1,WM45.1,WM45.1,WM45.1,WM45.1,WM45.1,WM45.1,
h,,WM45.1,WM45.1,WM45.1,WM45.1,WM45.1,WM45.1,WM45.1,WM45.1,WM45.1,WM45.1,WM45.1,WM45.1,WM45.1,WM45.1,WM45.1,WM45.1,WM45.1,WM45.1,WM45.1,WM45.1,WM45.1,WM45.1,
i,,FEMXV,FEMXV,FEMXV,FEMXV,FEMXV,FEMXV,FEMXV,FEMXV,FEMXV,FEMXV,FEMXV,FEMXV,FEMXV,FEMXV,FEMXV,FEMXV,FEMXV,FEMXV,FEMXV,FEMXV,FEMXV,FEMXV,
j,,FEMXV,FEMXV,FEMXV,FEMXV,FEMXV,FEMXV,FEMXV,FEMXV,FEMXV,FEMXV,FEMXV,FEMXV,FEMXV,FEMXV,FEMXV,FEMXV,FEMXV,FEMXV,FEMXV,FEMXV,FEMXV,FEMXV,
k,,FEMXV,FEMXV,FEMXV,FEMXV,FEMXV,FEMXV,FEMXV,FEMXV,FEMXV,FEMXV,FEMXV,FEMXV,FEMXV,FEMXV,FEMXV,FEMXV,FEMXV,FEMXV,FEMXV,FEMXV,FEMXV,FEMXV,
l,,FEMXV,FEMXV,FEMXV,FEMXV,FEMXV,FEMXV,FEMXV,FEMXV,FEMXV,FEMXV,FEMXV,FEMXV,FEMXV,FEMXV,FEMXV,FEMXV,FEMXV,FEMXV,FEMXV,FEMXV,FEMXV,FEMXV,
m,,FEMXV,FEMXV,FEMXV,FEMXV,FEMXV,FEMXV,FEMXV,FEMXV,FEMXV,FEMXV,FEMXV,FEMXV,FEMXV,FEMXV,FEMXV,FEMXV,FEMXV,FEMXV,FEMXV,FEMXV,FEMXV,FEMXV,
n,,FEMXV,FEMXV,FEMXV,FEMXV,FEMXV,FEMXV,FEMXV,FEMXV,FEMXV,FEMXV,FEMXV,FEMXV,FEMXV,FEMXV,FEMXV,FEMXV,FEMXV,FEMXV,FEMXV,FEMXV,FEMXV,FEMXV,
o,,FEMXV,FEMXV,FEMXV,FEMXV,FEMXV,FEMXV,FEMXV,FEMXV,FEMXV,FEMXV,FEMXV,FEMXV,FEMXV,FEMXV,FEMXV,FEMXV,FEMXV,FEMXV,FEMXV,FEMXV,FEMXV,FEMXV,
p,,,,,,,,,,,,,,,,,,,,,,,,
